	REBASE_name	Model_ID	Regions	Region_coords	aligned_percent	Region_count	Aligned_percent	New_class	Repr. PDB code
0	M.BthVORF4518P	54378	Hd3-S5,sam_motif,Hd2-Hd1,S7-S4,cat_motif,Hu2-S1	154-175,176-183,184-238,238-258,259-262,263-358	1.0,1.0,1.0,1.0,1.0,1.0	5	1.0	A	2OKC
1	M.CbeI	48856	Hd3-S5,sam_motif,Hd2-Hd1,S7-S4,cat_motif,Hu2-S1	11-31,32-39,40-71,155-178,179-182,183-263	1.0,1.0,1.0,1.0,1.0,0.9294117647058824	5	0.9882352941176472	D	7M6B
2	M.CcrMI	37952	S7-S4,cat_motif,Hu2-S1,Hd3-S5,sam_motif,Hd2-Hd1	6-30,31-34,35-142,192-213,214-221,222-250	0.8620689655172413,1.0,1.0,1.0,1.0,1.0	5	0.9770114942528736	B	6PBD
3	M.Cdi630V	54378	Hd3-S5,sam_motif,Hd2-Hd1,S7-S4,cat_motif,Hu2-S1	32-59,60-67,68-144,144-164,165-168,169-270	1.0,1.0,1.0,1.0,1.0,0.9895833333333334	5	0.9982638888888888	A	7RFK
4	M.EcoKDam	48856	Hd3-S5,sam_motif,Hd2-Hd1,S7-S4,cat_motif,Hu2-S1	13-32,33-40,41-68,157-180,181-184,185-266	1.0,1.0,1.0,1.0,1.0,0.8941176470588236	5	0.9823529411764708	D	2G1P
5	M.EcoKI	51816	Hd3-S5,sam_motif,Hd2-Hd1,S7-S4,cat_motif,Hu2-S1	151-172,173-180,181-234,234-265,266-269,270-353	1.0,1.0,1.0,1.0,1.0,1.0	5	1.0	A	2AR0
6	M.EcoKO157ORF1953P	45633	S5-Hd1,sam_motif,S7-S4,cat_motif,Hu2-S1,Hd3	1-43,5-12,44-75,76-79,80-170,349-365	1.0,1.0,1.0,1.0,0.9782608695652174,1.0	5	0.996376811594203	C	3G7U
7	M.EcoKO157ORF1953P	46303	S5-Hd1,sam_motif,S7-S4,cat_motif,Hu2-S1,Hd3	1-50,5-12,51-75,76-79,80-170,349-365	1.0,1.0,1.0,1.0,0.9782608695652174,1.0	5	0.996376811594203	C	3G7U
8	M.EcoP15I	37952	S7-S4,cat_motif,Hu2-S1,Hd3-S5,sam_motif,Hd2-Hd1	92-122,123-126,127-249,418-439,440-447,448-473	0.9655172413793104,1.0,0.978021978021978,1.0,1.0,0.6896551724137931	5	0.9388657319691802	B	4ZCF
9	M.EcoR124I	54378	Hd3-S5,sam_motif,Hd2-Hd1,S7-S4,cat_motif,Hu2-S1	201-224,225-232,233-278,278-301,302-305,306-409	1.0,1.0,0.8363636363636363,1.0,1.0,1.0	5	0.9727272727272728	A	7BTO
10	M.HaeIII	46303	S5-Hd1,sam_motif,S7-S4,cat_motif,Hu2-S1,Hd3	1-49,5-12,50-67,68-71,72-163,308-324	1.0,1.0,1.0,1.0,1.0,1.0	5	1.0	C	3UBT
11	M.HhaI	45633	S5-Hd1,sam_motif,S7-S4,cat_motif,Hu2-S1,Hd3	12-54,16-23,55-77,78-81,82-173,306-322	1.0,1.0,1.0,1.0,1.0,1.0	5	1.0	C	5CIY
12	M.HpyAXI	37952	S7-S4,cat_motif,Hu2-S1,Hd3-S5,sam_motif,Hd2-Hd1	73-103,104-107,108-240,380-403,404-411,412-438	0.9655172413793104,1.0,1.0,1.0,1.0,0.7241379310344828	5	0.9482758620689656	B	6K0W
13	M.Mbo45V	45988	S7-S4,cat_motif,Hu2-S1,Hd3-S5,sam_motif,Hd2-Hd1	87-122,123-126,127-237,400-421,422-429,430-466	1.0,1.0,0.8440366972477065,1.0,1.0,1.0	5	0.9740061162079512	B	7DSU
14	M.MmaGORF429P	54378	Hd3-S5,sam_motif,Hd2-Hd1,S7-S4,cat_motif,Hu2-S1	228-248,249-256,257-312,312-334,335-338,339-447	0.9545454545454546,1.0,0.9818181818181818,1.0,1.0,1.0	5	0.9893939393939394	A	3KHK
15	M.MpeI	45633	S5-Hd1,sam_motif,S7-S4,cat_motif,Hu2-S1,Hd3	11-106,15-22,107-131,132-135,136-238,376-388	1.0,1.0,1.0,1.0,1.0,0.7647058823529411	5	0.9607843137254902	C	4DKJ
16	M.MpeI	46303	S5-Hd1,sam_motif,S7-S4,cat_motif,Hu2-S1,Hd3	11-112,15-22,113-131,132-135,136-238,376-388	1.0,1.0,1.0,1.0,1.0,0.7647058823529411	5	0.9607843137254902	C	4DKJ
17	M.PvuII	45988	S7-S4,cat_motif,Hu2-S1,Hd3-S5,sam_motif,Hd2-Hd1	24-52,53-56,57-165,249-270,271-278,279-307	1.0,1.0,1.0,1.0,1.0,1.0	5	1.0	B	1BOO
18	M.RsrI	45988	S7-S4,cat_motif,Hu2-S1,Hd3-S5,sam_motif,Hd2-Hd1	37-64,65-68,69-164,226-247,248-255,256-284	0.9655172413793104,1.0,0.8807339449541285,1.0,1.0,1.0	5	0.9743751977222398	B	1EG2
19	M.SflTDcmP	45633	S5-Hd1,sam_motif,S7-S4,cat_motif,Hu2-S1,Hd3	87-129,91-98,130-173,174-177,178-286,438-452	1.0,1.0,1.0,1.0,0.9891304347826086,0.8823529411764706	5	0.9785805626598464	C	3ME5
20	M.Sth18311ORF711P	54378	Hd3-S5,sam_motif,Hd2-Hd1,S7-S4,cat_motif,Hu2-S1	201-226,227-234,235-279,279-303,304-307,308-410	1.0,1.0,0.8181818181818182,1.0,1.0,1.0	5	0.9696969696969696	A	3LKD
21	M.TaqI	54378	Hd3-S5,sam_motif,Hd2-Hd1,S7-S4,cat_motif,Hu2-S1	3-24,25-32,33-64,64-84,85-88,89-193	1.0,1.0,0.5818181818181818,1.0,1.0,0.96875	5	0.925094696969697	A	2IH2
22	M.TteMI	54378	Hd3-S5,sam_motif,Hd2-Hd1,S7-S4,cat_motif,Hu2-S1	173-194,195-202,203-255,255-278,279-282,283-378	1.0,1.0,0.9636363636363636,1.0,1.0,0.96875	5	0.9887310606060606	A	5YBB
23	M.TthHB8ORF409P	45988	S7-S4,cat_motif,Hu2-S1,Hd3-S5,sam_motif,Hd2-Hd1	18-46,47-50,51-175,219-240,241-248,249-277	1.0,1.0,1.0,1.0,1.0,1.0	5	1.0	B	2ZIG
24	M.VvuYORF266P	54378	Hd3-S5,sam_motif,Hd2-Hd1,S7-S4,cat_motif,Hu2-S1	201-222,223-230,231-283,283-308,309-312,313-415	1.0,1.0,0.9636363636363636,1.0,1.0,0.9895833333333334	5	0.9922032828282829	A	3UFB
25	M1.DpnII	52484	Hd3-S5,sam_motif,Hd2-Hd1,S7-S4,cat_motif,Hu2-S1	20-40,41-48,49-76,168-193,194-197,198-281	1.0,1.0,1.0,1.0,1.0,1.0	5	1.0	D	2DPM
26	M1.HpyAVI	37952	S7-S4,cat_motif,Hu2-S1,Hd3-S5,sam_motif,Hd2-Hd1	2-28,29-32,33-134,171-192,193-200,201-229	0.8620689655172413,1.0,1.0,1.0,1.0,1.0	5	0.9770114942528736	B	5HEK
27	M1.MboII	37952	S7-S4,cat_motif,Hu2-S1,Hd3-S5,sam_motif,Hd2-Hd1	8-33,34-37,38-128,200-221,222-229,230-255	0.896551724137931,1.0,1.0,1.0,1.0,0.896551724137931	5	0.9655172413793102	B	1G60
28	M1.PacII	54378	Hd3-S5,sam_motif,Hd2-Hd1,S7-S4,cat_motif,Hu2-S1	173-194,195-202,203-249,249-275,276-279,280-381	1.0,1.0,0.8545454545454545,1.0,1.0,1.0	5	0.9757575757575756	A	7VRU
29	M2.PacII	54378	Hd3-S5,sam_motif,Hd2-Hd1,S7-S4,cat_motif,Hu2-S1	182-203,204-211,212-258,258-284,285-288,289-390	1.0,1.0,0.8545454545454545,1.0,1.0,0.9895833333333334	5	0.9740214646464646	A	7VRU
30	RM.BpuSI	54378	Hd3-S5,sam_motif,Hd2-Hd1,S7-S4,cat_motif,Hu2-S1	299-326,327-334,335-383,383-405,406-409,410-519	1.0,1.0,0.7454545454545455,1.0,1.0,1.0	5	0.9575757575757576	A	3S1S
31	RM.DrdV	54378	Hd3-S5,sam_motif,Hd2-Hd1,S7-S4,cat_motif,Hu2-S1	306-338,339-346,347-401,401-447,448-451,452-580	1.0,1.0,0.9090909090909091,1.0,1.0,0.9895833333333334	5	0.9831123737373736	A	7LO5
32	RM.LlaBIII	51816	Hd3-S5,sam_motif,Hd2-Hd1,S7-S4,cat_motif,Hu2-S1	868-900,901-908,909-966,966-1016,1017-1020,1021-1142	1.0,1.0,0.9814814814814815,1.0,1.0,0.9880952380952381	5	0.9949294532627864	A	4XQK
33	RM.LlaGI	51816	Hd3-S5,sam_motif,Hd2-Hd1,S7-S4,cat_motif,Hu2-S1	869-901,902-909,910-967,967-1017,1018-1021,1022-1142	1.0,1.0,0.9814814814814815,1.0,1.0,0.9880952380952381	5	0.9949294532627864	A	5FFJ
34	RM.MmeI	54378	Hd3-S5,sam_motif,Hd2-Hd1,S7-S4,cat_motif,Hu2-S1	316-360,361-368,369-455,455-480,481-484,485-592	1.0,1.0,0.9818181818181818,1.0,1.0,0.9583333333333334	5	0.9900252525252524	A	5HR4
